mse,rmse,r2,precision,recall,cv_rmse_mean,cv_rmse_std
0.06320094993829033,0.25139799111824723,-0.40493433252220545,0.7240684793554885,0.9958448753462604,0.13694860499888173,0.010153928928879443
